bonafide/music/play/1.wav.png,bonafide/music/rec/1-rec.wav.png,0
bonafide/music/play/1.wav.png.aug1.png,bonafide/music/rec/1-rec.wav.png.aug1.png,0
bonafide/music/play/1.wav.png.aug2.png,bonafide/music/rec/1-rec.wav.png.aug2.png,0
bonafide/music/play/1.wav.png.aug3.png,bonafide/music/rec/1-rec.wav.png.aug3.png,0
bonafide/music/play/1.wav.png.aug4.png,bonafide/music/rec/1-rec.wav.png.aug4.png,0
bonafide/music/play/1.wav.png.aug5.png,bonafide/music/rec/1-rec.wav.png.aug5.png,0
bonafide/music/play/3.wav.png,bonafide/music/rec/3-rec.wav.png,0
bonafide/music/play/3.wav.png.aug1.png,bonafide/music/rec/3-rec.wav.png.aug1.png,0
bonafide/music/play/3.wav.png.aug2.png,bonafide/music/rec/3-rec.wav.png.aug2.png,0
bonafide/music/play/3.wav.png.aug3.png,bonafide/music/rec/3-rec.wav.png.aug3.png,0
bonafide/music/play/3.wav.png.aug4.png,bonafide/music/rec/3-rec.wav.png.aug4.png,0
bonafide/music/play/3.wav.png.aug5.png,bonafide/music/rec/3-rec.wav.png.aug5.png,0
bonafide/music/play/5.wav.png,bonafide/music/rec/5-rec.wav.png,0
bonafide/music/play/5.wav.png.aug1.png,bonafide/music/rec/5-rec.wav.png.aug1.png,0
bonafide/music/play/5.wav.png.aug2.png,bonafide/music/rec/5-rec.wav.png.aug2.png,0
bonafide/music/play/5.wav.png.aug3.png,bonafide/music/rec/5-rec.wav.png.aug3.png,0
bonafide/music/play/5.wav.png.aug4.png,bonafide/music/rec/5-rec.wav.png.aug4.png,0
bonafide/music/play/5.wav.png.aug5.png,bonafide/music/rec/5-rec.wav.png.aug5.png,0
bonafide/music/play/7.wav.png,bonafide/music/rec/7-rec.wav.png,0
bonafide/music/play/7.wav.png.aug1.png,bonafide/music/rec/7-rec.wav.png.aug1.png,0
bonafide/music/play/7.wav.png.aug2.png,bonafide/music/rec/7-rec.wav.png.aug2.png,0
bonafide/music/play/7.wav.png.aug3.png,bonafide/music/rec/7-rec.wav.png.aug3.png,0
bonafide/music/play/7.wav.png.aug4.png,bonafide/music/rec/7-rec.wav.png.aug4.png,0
bonafide/music/play/7.wav.png.aug5.png,bonafide/music/rec/7-rec.wav.png.aug5.png,0
bonafide/music/play/9.wav.png,bonafide/music/rec/9-rec.wav.png,0
bonafide/music/play/9.wav.png.aug1.png,bonafide/music/rec/9-rec.wav.png.aug1.png,0
bonafide/music/play/9.wav.png.aug2.png,bonafide/music/rec/9-rec.wav.png.aug2.png,0
bonafide/music/play/9.wav.png.aug3.png,bonafide/music/rec/9-rec.wav.png.aug3.png,0
bonafide/music/play/9.wav.png.aug4.png,bonafide/music/rec/9-rec.wav.png.aug4.png,0
bonafide/music/play/9.wav.png.aug5.png,bonafide/music/rec/9-rec.wav.png.aug5.png,0
bonafide/noises/play/0.wav.png,bonafide/noises/rec/0-rec.wav.png,0
bonafide/noises/play/0.wav.png.aug1.png,bonafide/noises/rec/0-rec.wav.png.aug1.png,0
bonafide/noises/play/0.wav.png.aug2.png,bonafide/noises/rec/0-rec.wav.png.aug2.png,0
bonafide/noises/play/0.wav.png.aug3.png,bonafide/noises/rec/0-rec.wav.png.aug3.png,0
bonafide/noises/play/0.wav.png.aug4.png,bonafide/noises/rec/0-rec.wav.png.aug4.png,0
bonafide/noises/play/0.wav.png.aug5.png,bonafide/noises/rec/0-rec.wav.png.aug5.png,0
bonafide/noises/play/2.wav.png,bonafide/noises/rec/2-rec.wav.png,0
bonafide/noises/play/2.wav.png.aug1.png,bonafide/noises/rec/2-rec.wav.png.aug1.png,0
bonafide/noises/play/2.wav.png.aug2.png,bonafide/noises/rec/2-rec.wav.png.aug2.png,0
bonafide/noises/play/2.wav.png.aug3.png,bonafide/noises/rec/2-rec.wav.png.aug3.png,0
bonafide/noises/play/2.wav.png.aug4.png,bonafide/noises/rec/2-rec.wav.png.aug4.png,0
bonafide/noises/play/2.wav.png.aug5.png,bonafide/noises/rec/2-rec.wav.png.aug5.png,0
bonafide/noises/play/4.wav.png,bonafide/noises/rec/4-rec.wav.png,0
bonafide/noises/play/4.wav.png.aug1.png,bonafide/noises/rec/4-rec.wav.png.aug1.png,0
bonafide/noises/play/4.wav.png.aug2.png,bonafide/noises/rec/4-rec.wav.png.aug2.png,0
bonafide/noises/play/4.wav.png.aug3.png,bonafide/noises/rec/4-rec.wav.png.aug3.png,0
bonafide/noises/play/4.wav.png.aug4.png,bonafide/noises/rec/4-rec.wav.png.aug4.png,0
bonafide/noises/play/4.wav.png.aug5.png,bonafide/noises/rec/4-rec.wav.png.aug5.png,0
bonafide/noises/play/6.wav.png,bonafide/noises/rec/6-rec.wav.png,0
bonafide/noises/play/6.wav.png.aug1.png,bonafide/noises/rec/6-rec.wav.png.aug1.png,0
bonafide/noises/play/6.wav.png.aug2.png,bonafide/noises/rec/6-rec.wav.png.aug2.png,0
bonafide/noises/play/6.wav.png.aug3.png,bonafide/noises/rec/6-rec.wav.png.aug3.png,0
bonafide/noises/play/6.wav.png.aug4.png,bonafide/noises/rec/6-rec.wav.png.aug4.png,0
bonafide/noises/play/6.wav.png.aug5.png,bonafide/noises/rec/6-rec.wav.png.aug5.png,0
bonafide/noises/play/8.wav.png,bonafide/noises/rec/8-rec.wav.png,0
bonafide/noises/play/8.wav.png.aug1.png,bonafide/noises/rec/8-rec.wav.png.aug1.png,0
bonafide/noises/play/8.wav.png.aug2.png,bonafide/noises/rec/8-rec.wav.png.aug2.png,0
bonafide/noises/play/8.wav.png.aug3.png,bonafide/noises/rec/8-rec.wav.png.aug3.png,0
bonafide/noises/play/8.wav.png.aug4.png,bonafide/noises/rec/8-rec.wav.png.aug4.png,0
bonafide/noises/play/8.wav.png.aug5.png,bonafide/noises/rec/8-rec.wav.png.aug5.png,0
bonafide/pod/play/1.wav.png,bonafide/pod/rec/1-rec.wav.png,0
bonafide/pod/play/1.wav.png.aug1.png,bonafide/pod/rec/1-rec.wav.png.aug1.png,0
bonafide/pod/play/1.wav.png.aug2.png,bonafide/pod/rec/1-rec.wav.png.aug2.png,0
bonafide/pod/play/1.wav.png.aug3.png,bonafide/pod/rec/1-rec.wav.png.aug3.png,0
bonafide/pod/play/1.wav.png.aug4.png,bonafide/pod/rec/1-rec.wav.png.aug4.png,0
bonafide/pod/play/1.wav.png.aug5.png,bonafide/pod/rec/1-rec.wav.png.aug5.png,0
bonafide/pod/play/3.wav.png,bonafide/pod/rec/3-rec.wav.png,0
bonafide/pod/play/3.wav.png.aug1.png,bonafide/pod/rec/3-rec.wav.png.aug1.png,0
bonafide/pod/play/3.wav.png.aug2.png,bonafide/pod/rec/3-rec.wav.png.aug2.png,0
bonafide/pod/play/3.wav.png.aug3.png,bonafide/pod/rec/3-rec.wav.png.aug3.png,0
bonafide/pod/play/3.wav.png.aug4.png,bonafide/pod/rec/3-rec.wav.png.aug4.png,0
bonafide/pod/play/3.wav.png.aug5.png,bonafide/pod/rec/3-rec.wav.png.aug5.png,0
bonafide/pod/play/5.wav.png,bonafide/pod/rec/5-rec.wav.png,0
bonafide/pod/play/5.wav.png.aug1.png,bonafide/pod/rec/5-rec.wav.png.aug1.png,0
bonafide/pod/play/5.wav.png.aug2.png,bonafide/pod/rec/5-rec.wav.png.aug2.png,0
bonafide/pod/play/5.wav.png.aug3.png,bonafide/pod/rec/5-rec.wav.png.aug3.png,0
bonafide/pod/play/5.wav.png.aug4.png,bonafide/pod/rec/5-rec.wav.png.aug4.png,0
bonafide/pod/play/5.wav.png.aug5.png,bonafide/pod/rec/5-rec.wav.png.aug5.png,0
bonafide/pod/play/7.wav.png,bonafide/pod/rec/7-rec.wav.png,0
bonafide/pod/play/7.wav.png.aug1.png,bonafide/pod/rec/7-rec.wav.png.aug1.png,0
bonafide/pod/play/7.wav.png.aug2.png,bonafide/pod/rec/7-rec.wav.png.aug2.png,0
bonafide/pod/play/7.wav.png.aug3.png,bonafide/pod/rec/7-rec.wav.png.aug3.png,0
bonafide/pod/play/7.wav.png.aug4.png,bonafide/pod/rec/7-rec.wav.png.aug4.png,0
bonafide/pod/play/7.wav.png.aug5.png,bonafide/pod/rec/7-rec.wav.png.aug5.png,0
bonafide/pod/play/9.wav.png,bonafide/pod/rec/9-rec.wav.png,0
bonafide/pod/play/9.wav.png.aug1.png,bonafide/pod/rec/9-rec.wav.png.aug1.png,0
bonafide/pod/play/9.wav.png.aug2.png,bonafide/pod/rec/9-rec.wav.png.aug2.png,0
bonafide/pod/play/9.wav.png.aug3.png,bonafide/pod/rec/9-rec.wav.png.aug3.png,0
bonafide/pod/play/9.wav.png.aug4.png,bonafide/pod/rec/9-rec.wav.png.aug4.png,0
bonafide/pod/play/9.wav.png.aug5.png,bonafide/pod/rec/9-rec.wav.png.aug5.png,0
bonafide/tts/play/0.wav.png,bonafide/tts/rec/0-rec.wav.png,0
bonafide/tts/play/0.wav.png.aug1.png,bonafide/tts/rec/0-rec.wav.png.aug1.png,0
bonafide/tts/play/0.wav.png.aug2.png,bonafide/tts/rec/0-rec.wav.png.aug2.png,0
bonafide/tts/play/0.wav.png.aug3.png,bonafide/tts/rec/0-rec.wav.png.aug3.png,0
bonafide/tts/play/0.wav.png.aug4.png,bonafide/tts/rec/0-rec.wav.png.aug4.png,0
bonafide/tts/play/0.wav.png.aug5.png,bonafide/tts/rec/0-rec.wav.png.aug5.png,0
bonafide/tts/play/2.wav.png,bonafide/tts/rec/2-rec.wav.png,0
bonafide/tts/play/2.wav.png.aug1.png,bonafide/tts/rec/2-rec.wav.png.aug1.png,0
bonafide/tts/play/2.wav.png.aug2.png,bonafide/tts/rec/2-rec.wav.png.aug2.png,0
bonafide/tts/play/2.wav.png.aug3.png,bonafide/tts/rec/2-rec.wav.png.aug3.png,0
bonafide/tts/play/2.wav.png.aug4.png,bonafide/tts/rec/2-rec.wav.png.aug4.png,0
bonafide/tts/play/2.wav.png.aug5.png,bonafide/tts/rec/2-rec.wav.png.aug5.png,0
bonafide/tts/play/4.wav.png,bonafide/tts/rec/4-rec.wav.png,0
bonafide/tts/play/4.wav.png.aug1.png,bonafide/tts/rec/4-rec.wav.png.aug1.png,0
bonafide/tts/play/4.wav.png.aug2.png,bonafide/tts/rec/4-rec.wav.png.aug2.png,0
bonafide/tts/play/4.wav.png.aug3.png,bonafide/tts/rec/4-rec.wav.png.aug3.png,0
bonafide/tts/play/4.wav.png.aug4.png,bonafide/tts/rec/4-rec.wav.png.aug4.png,0
bonafide/tts/play/4.wav.png.aug5.png,bonafide/tts/rec/4-rec.wav.png.aug5.png,0
bonafide/tts/play/6.wav.png,bonafide/tts/rec/6-rec.wav.png,0
bonafide/tts/play/6.wav.png.aug1.png,bonafide/tts/rec/6-rec.wav.png.aug1.png,0
bonafide/tts/play/6.wav.png.aug2.png,bonafide/tts/rec/6-rec.wav.png.aug2.png,0
bonafide/tts/play/6.wav.png.aug3.png,bonafide/tts/rec/6-rec.wav.png.aug3.png,0
bonafide/tts/play/6.wav.png.aug4.png,bonafide/tts/rec/6-rec.wav.png.aug4.png,0
bonafide/tts/play/6.wav.png.aug5.png,bonafide/tts/rec/6-rec.wav.png.aug5.png,0
bonafide/tts/play/8.wav.png,bonafide/tts/rec/8-rec.wav.png,0
bonafide/tts/play/8.wav.png.aug1.png,bonafide/tts/rec/8-rec.wav.png.aug1.png,0
bonafide/tts/play/8.wav.png.aug2.png,bonafide/tts/rec/8-rec.wav.png.aug2.png,0
bonafide/tts/play/8.wav.png.aug3.png,bonafide/tts/rec/8-rec.wav.png.aug3.png,0
bonafide/tts/play/8.wav.png.aug4.png,bonafide/tts/rec/8-rec.wav.png.aug4.png,0
bonafide/tts/play/8.wav.png.aug5.png,bonafide/tts/rec/8-rec.wav.png.aug5.png,0
malicious/dw/play/1.wav.png,malicious/dw/rec/1-rec.wav.png,1
malicious/dw/play/1.wav.png.aug1.png,malicious/dw/rec/1-rec.wav.png.aug1.png,1
malicious/dw/play/1.wav.png.aug2.png,malicious/dw/rec/1-rec.wav.png.aug2.png,1
malicious/dw/play/1.wav.png.aug3.png,malicious/dw/rec/1-rec.wav.png.aug3.png,1
malicious/dw/play/1.wav.png.aug4.png,malicious/dw/rec/1-rec.wav.png.aug4.png,1
malicious/dw/play/1.wav.png.aug5.png,malicious/dw/rec/1-rec.wav.png.aug5.png,1
malicious/dw/play/3.wav.png,malicious/dw/rec/3-rec.wav.png,1
malicious/dw/play/3.wav.png.aug1.png,malicious/dw/rec/3-rec.wav.png.aug1.png,1
malicious/dw/play/3.wav.png.aug2.png,malicious/dw/rec/3-rec.wav.png.aug2.png,1
malicious/dw/play/3.wav.png.aug3.png,malicious/dw/rec/3-rec.wav.png.aug3.png,1
malicious/dw/play/3.wav.png.aug4.png,malicious/dw/rec/3-rec.wav.png.aug4.png,1
malicious/dw/play/3.wav.png.aug5.png,malicious/dw/rec/3-rec.wav.png.aug5.png,1
malicious/dw/play/5.wav.png,malicious/dw/rec/5-rec.wav.png,1
malicious/dw/play/5.wav.png.aug1.png,malicious/dw/rec/5-rec.wav.png.aug1.png,1
malicious/dw/play/5.wav.png.aug2.png,malicious/dw/rec/5-rec.wav.png.aug2.png,1
malicious/dw/play/5.wav.png.aug3.png,malicious/dw/rec/5-rec.wav.png.aug3.png,1
malicious/dw/play/5.wav.png.aug4.png,malicious/dw/rec/5-rec.wav.png.aug4.png,1
malicious/dw/play/5.wav.png.aug5.png,malicious/dw/rec/5-rec.wav.png.aug5.png,1
malicious/dw/play/7.wav.png,malicious/dw/rec/7-rec.wav.png,1
malicious/dw/play/7.wav.png.aug1.png,malicious/dw/rec/7-rec.wav.png.aug1.png,1
malicious/dw/play/7.wav.png.aug2.png,malicious/dw/rec/7-rec.wav.png.aug2.png,1
malicious/dw/play/7.wav.png.aug3.png,malicious/dw/rec/7-rec.wav.png.aug3.png,1
malicious/dw/play/7.wav.png.aug4.png,malicious/dw/rec/7-rec.wav.png.aug4.png,1
malicious/dw/play/7.wav.png.aug5.png,malicious/dw/rec/7-rec.wav.png.aug5.png,1
malicious/dw/play/9.wav.png,malicious/dw/rec/9-rec.wav.png,1
malicious/dw/play/9.wav.png.aug1.png,malicious/dw/rec/9-rec.wav.png.aug1.png,1
malicious/dw/play/9.wav.png.aug2.png,malicious/dw/rec/9-rec.wav.png.aug2.png,1
malicious/dw/play/9.wav.png.aug3.png,malicious/dw/rec/9-rec.wav.png.aug3.png,1
malicious/dw/play/9.wav.png.aug4.png,malicious/dw/rec/9-rec.wav.png.aug4.png,1
malicious/dw/play/9.wav.png.aug5.png,malicious/dw/rec/9-rec.wav.png.aug5.png,1
malicious/real/play/0.wav.png,malicious/real/rec/0-rec.wav.png,1
malicious/real/play/0.wav.png.aug1.png,malicious/real/rec/0-rec.wav.png.aug1.png,1
malicious/real/play/0.wav.png.aug2.png,malicious/real/rec/0-rec.wav.png.aug2.png,1
malicious/real/play/0.wav.png.aug3.png,malicious/real/rec/0-rec.wav.png.aug3.png,1
malicious/real/play/0.wav.png.aug4.png,malicious/real/rec/0-rec.wav.png.aug4.png,1
malicious/real/play/0.wav.png.aug5.png,malicious/real/rec/0-rec.wav.png.aug5.png,1
malicious/real/play/2.wav.png,malicious/real/rec/2-rec.wav.png,1
malicious/real/play/2.wav.png.aug1.png,malicious/real/rec/2-rec.wav.png.aug1.png,1
malicious/real/play/2.wav.png.aug2.png,malicious/real/rec/2-rec.wav.png.aug2.png,1
malicious/real/play/2.wav.png.aug3.png,malicious/real/rec/2-rec.wav.png.aug3.png,1
malicious/real/play/2.wav.png.aug4.png,malicious/real/rec/2-rec.wav.png.aug4.png,1
malicious/real/play/2.wav.png.aug5.png,malicious/real/rec/2-rec.wav.png.aug5.png,1
malicious/real/play/4.wav.png,malicious/real/rec/4-rec.wav.png,1
malicious/real/play/4.wav.png.aug1.png,malicious/real/rec/4-rec.wav.png.aug1.png,1
malicious/real/play/4.wav.png.aug2.png,malicious/real/rec/4-rec.wav.png.aug2.png,1
malicious/real/play/4.wav.png.aug3.png,malicious/real/rec/4-rec.wav.png.aug3.png,1
malicious/real/play/4.wav.png.aug4.png,malicious/real/rec/4-rec.wav.png.aug4.png,1
malicious/real/play/4.wav.png.aug5.png,malicious/real/rec/4-rec.wav.png.aug5.png,1
malicious/real/play/6.wav.png,malicious/real/rec/6-rec.wav.png,1
malicious/real/play/6.wav.png.aug1.png,malicious/real/rec/6-rec.wav.png.aug1.png,1
malicious/real/play/6.wav.png.aug2.png,malicious/real/rec/6-rec.wav.png.aug2.png,1
malicious/real/play/6.wav.png.aug3.png,malicious/real/rec/6-rec.wav.png.aug3.png,1
malicious/real/play/6.wav.png.aug4.png,malicious/real/rec/6-rec.wav.png.aug4.png,1
malicious/real/play/6.wav.png.aug5.png,malicious/real/rec/6-rec.wav.png.aug5.png,1
malicious/real/play/8.wav.png,malicious/real/rec/8-rec.wav.png,1
malicious/real/play/8.wav.png.aug1.png,malicious/real/rec/8-rec.wav.png.aug1.png,1
malicious/real/play/8.wav.png.aug2.png,malicious/real/rec/8-rec.wav.png.aug2.png,1
malicious/real/play/8.wav.png.aug3.png,malicious/real/rec/8-rec.wav.png.aug3.png,1
malicious/real/play/8.wav.png.aug4.png,malicious/real/rec/8-rec.wav.png.aug4.png,1
malicious/real/play/8.wav.png.aug5.png,malicious/real/rec/8-rec.wav.png.aug5.png,1
malicious/tts/play/1.wav.png,malicious/tts/rec/1-rec.wav.png,1
malicious/tts/play/1.wav.png.aug1.png,malicious/tts/rec/1-rec.wav.png.aug1.png,1
malicious/tts/play/1.wav.png.aug2.png,malicious/tts/rec/1-rec.wav.png.aug2.png,1
malicious/tts/play/1.wav.png.aug3.png,malicious/tts/rec/1-rec.wav.png.aug3.png,1
malicious/tts/play/1.wav.png.aug4.png,malicious/tts/rec/1-rec.wav.png.aug4.png,1
malicious/tts/play/1.wav.png.aug5.png,malicious/tts/rec/1-rec.wav.png.aug5.png,1
malicious/tts/play/3.wav.png,malicious/tts/rec/3-rec.wav.png,1
malicious/tts/play/3.wav.png.aug1.png,malicious/tts/rec/3-rec.wav.png.aug1.png,1
malicious/tts/play/3.wav.png.aug2.png,malicious/tts/rec/3-rec.wav.png.aug2.png,1
malicious/tts/play/3.wav.png.aug3.png,malicious/tts/rec/3-rec.wav.png.aug3.png,1
malicious/tts/play/3.wav.png.aug4.png,malicious/tts/rec/3-rec.wav.png.aug4.png,1
malicious/tts/play/3.wav.png.aug5.png,malicious/tts/rec/3-rec.wav.png.aug5.png,1
malicious/tts/play/5.wav.png,malicious/tts/rec/5-rec.wav.png,1
malicious/tts/play/5.wav.png.aug1.png,malicious/tts/rec/5-rec.wav.png.aug1.png,1
malicious/tts/play/5.wav.png.aug2.png,malicious/tts/rec/5-rec.wav.png.aug2.png,1
malicious/tts/play/5.wav.png.aug3.png,malicious/tts/rec/5-rec.wav.png.aug3.png,1
malicious/tts/play/5.wav.png.aug4.png,malicious/tts/rec/5-rec.wav.png.aug4.png,1
malicious/tts/play/5.wav.png.aug5.png,malicious/tts/rec/5-rec.wav.png.aug5.png,1
malicious/tts/play/7.wav.png,malicious/tts/rec/7-rec.wav.png,1
malicious/tts/play/7.wav.png.aug1.png,malicious/tts/rec/7-rec.wav.png.aug1.png,1
malicious/tts/play/7.wav.png.aug2.png,malicious/tts/rec/7-rec.wav.png.aug2.png,1
malicious/tts/play/7.wav.png.aug3.png,malicious/tts/rec/7-rec.wav.png.aug3.png,1
malicious/tts/play/7.wav.png.aug4.png,malicious/tts/rec/7-rec.wav.png.aug4.png,1
malicious/tts/play/7.wav.png.aug5.png,malicious/tts/rec/7-rec.wav.png.aug5.png,1
malicious/tts/play/9.wav.png,malicious/tts/rec/9-rec.wav.png,1
malicious/tts/play/9.wav.png.aug1.png,malicious/tts/rec/9-rec.wav.png.aug1.png,1
malicious/tts/play/9.wav.png.aug2.png,malicious/tts/rec/9-rec.wav.png.aug2.png,1
malicious/tts/play/9.wav.png.aug3.png,malicious/tts/rec/9-rec.wav.png.aug3.png,1
malicious/tts/play/9.wav.png.aug4.png,malicious/tts/rec/9-rec.wav.png.aug4.png,1
malicious/tts/play/9.wav.png.aug5.png,malicious/tts/rec/9-rec.wav.png.aug5.png,1